{"loss": "__main__.vae_loss", "_timestamp": 1689310245.1807926, "_runtime": 47.5024995803833, "_step": 0}