{"Test set ELBO": -114760.53125, "time elapse for current epoch": 92.94404315948486, "_timestamp": 1689578878.9219687, "_runtime": 109.08213567733765, "_step": 0, "_wandb": {"runtime": 113}}