{"batch/loss": 0.7571166753768921, "batch/accuracy": 0.826171875, "batch/batch_step": 395, "batch/learning_rate": 0.009999999776482582, "_timestamp": 1689320880.148154, "_runtime": 23.354480981826782, "_step": 87, "epoch/loss": 0.7568568587303162, "epoch/accuracy": 0.8255833387374878, "epoch/val_loss": 0.6958532929420471, "epoch/val_accuracy": 0.8339999914169312, "epoch/epoch": 7, "epoch/learning_rate": 0.009999999776482582, "_wandb": {"runtime": 24}}