{"acc": 0.8607185382947062, "loss": 0.12571930618542415, "_timestamp": 1689309993.741546, "_runtime": 1.3888449668884277, "_step": 7, "_wandb": {"runtime": 0}}