{"Test set ELBO": -102652.1796875, "time elapse for current epoch": 308.889910697937, "_timestamp": 1689570413.7154052, "_runtime": 609.3281872272491, "_step": 1}