{"Test set ELBO": -114714.7421875, "time elapse for current epoch": 81.45654916763306, "_timestamp": 1689574823.6601396, "_runtime": 185.81914949417114, "_step": 1, "_wandb": {"runtime": 208}}