{"Test set ELBO": -111508.8359375, "time elapse for current epoch": 47.92390012741089, "_timestamp": 1689591076.23116, "_runtime": 52.33133101463318, "_step": 0, "_wandb": {"runtime": 52}}