{"batch/loss": 0.022966474294662476, "batch/batch_step": 2995, "batch/learning_rate": 0.0010000000474974513, "_timestamp": 1689321063.1064904, "_runtime": 73.39495825767517, "_step": 604, "epoch/loss": 0.022969795390963554, "epoch/epoch": 4, "epoch/learning_rate": 0.0010000000474974513}