{"batch/loss": 2.118192434310913, "batch/accuracy": 0.26503056287765503, "batch/batch_step": 45, "batch/learning_rate": 0.009999999776482582, "_timestamp": 1689311755.8675506, "_runtime": 2.6941516399383545, "_step": 10, "epoch/loss": 2.113447666168213, "epoch/accuracy": 0.2692500054836273, "epoch/val_loss": 1.8393878936767578, "epoch/val_accuracy": 0.6119999885559082, "epoch/epoch": 0, "epoch/learning_rate": 0.009999999776482582, "_wandb": {"runtime": 2}}