{"Test set ELBO": -100905.6953125, "time elapse for current epoch": 23.838038444519043, "_timestamp": 1689590200.408609, "_runtime": 279.04496002197266, "_step": 9, "_wandb": {"runtime": 278}}