{"Test set ELBO": -112032.0859375, "time elapse for current epoch": 27.138152360916138, "_timestamp": 1689590899.8051777, "_runtime": 31.467615604400635, "_step": 0, "_wandb": {"runtime": 31}}