{"Test set ELBO": -108305.2421875, "time elapse for current epoch": 294.09399342536926, "_timestamp": 1689573579.3433242, "_runtime": 312.5853362083435, "_step": 0, "_wandb": {"runtime": 310}}