{"Test set ELBO": -113908.109375, "time elapse for current epoch": 99.54660534858704, "_timestamp": 1689576310.256914, "_runtime": 232.40310883522034, "_step": 1, "_wandb": {"runtime": 238}}