{"acc": 0.8133553279562831, "loss": 0.22597687241681363, "_timestamp": 1689309954.6739676, "_runtime": 1.3348686695098877, "_step": 7, "_wandb": {"runtime": 0}}