{"Test set ELBO": -104123.234375, "time elapse for current epoch": 79.3768539428711, "_timestamp": 1689588175.0475407, "_runtime": 746.6605966091156, "_step": 9, "_wandb": {"runtime": 748}}