{"Test set ELBO": -103757.90625, "time elapse for current epoch": 27.92453098297119, "_timestamp": 1689588874.7775474, "_runtime": 326.3170573711395, "_step": 9, "_wandb": {"runtime": 327}}