{"Test set ELBO": -103089.7890625, "time elapse for current epoch": 24.245123386383057, "_timestamp": 1689589737.2303872, "_runtime": 306.4438462257385, "_step": 9, "_wandb": {"runtime": 307}}