{"batch/loss": 2.0962467193603516, "batch/accuracy": 0.2791270315647125, "batch/batch_step": 45, "batch/learning_rate": 0.009999999776482582, "_timestamp": 1689311904.6698465, "_runtime": 2.7699215412139893, "_step": 10, "epoch/loss": 2.091820478439331, "epoch/accuracy": 0.28216665983200073, "epoch/val_loss": 1.8081244230270386, "epoch/val_accuracy": 0.5979999899864197, "epoch/epoch": 0, "epoch/learning_rate": 0.009999999776482582, "_wandb": {"runtime": 2}}