{"Test set ELBO": -95153.8984375, "time elapse for current epoch": 2338.182053089142, "_timestamp": 1689617877.2190275, "_runtime": 24540.668717622757, "_step": 9, "_wandb": {"runtime": 24541}}