{"Test set ELBO": -114357.71875, "time elapse for current epoch": 87.69622111320496, "_timestamp": 1689575146.629016, "_runtime": 193.30579686164856, "_step": 1, "_wandb": {"runtime": 198}}