{"Test set ELBO": -103862.203125, "time elapse for current epoch": 97.58000254631042, "_timestamp": 1689574348.5941179, "_runtime": 577.7618839740753, "_step": 4, "_wandb": {"runtime": 585}}